picture,label
1.jpg,沪
2.jpg,鄂
3.jpg,鄂
4.jpg,闽
5.jpg,闽
6.jpg,闽
7.jpg,闽
8.jpg,鲁
9.jpg,鲁
10.jpg,鲁
11.jpg,黑
12.jpg,浙
13.jpg,苏
14.jpg,沪
15.jpg,沪
16.jpg,沪
17.jpg,京
18.jpg,京
19.jpg,沪
20.jpg,苏
21.jpg,苏
22.jpg,苏
23.jpg,苏
24.jpg,皖
25.jpg,皖
26.jpg,皖
27.jpg,皖
28.jpg,京
29.jpg,京
30.jpg,京
31.jpg,豫
32.jpg,豫
33.jpg,浙
34.jpg,晋
35.jpg,粤
36.jpg,粤
37.jpg,粤
38.jpg,粤
39.jpg,粤
40.jpg,黑
41.jpg,豫
42.jpg,晋
43.jpg,鲁
44.jpg,冀
45.jpg,浙
46.jpg,冀
47.jpg,黑
48.jpg,冀
49.jpg,鲁
50.jpg,冀
51.jpg,冀
52.jpg,浙
53.jpg,晋
54.jpg,皖
55.jpg,浙
56.jpg,浙
57.jpg,浙
58.jpg,浙
59.jpg,豫
60.jpg,豫
61.jpg,黑
62.jpg,黑
63.jpg,湘
64.jpg,湘
65.jpg,湘
66.jpg,湘
67.jpg,湘
68.jpg,鄂
69.jpg,鄂
70.jpg,赣
71.jpg,辽
72.jpg,辽
73.jpg,辽
74.jpg,辽
75.jpg,辽
76.jpg,闽
77.jpg,津
78.jpg,赣
79.jpg,津
80.jpg,赣
81.jpg,赣
82.jpg,津
83.jpg,津
84.jpg,津
85.jpg,藏
86.jpg,琼
87.jpg,琼
88.jpg,琼
89.jpg,琼
90.jpg,琼
91.jpg,甘
92.jpg,甘
93.jpg,甘
94.jpg,甘
95.jpg,甘
96.jpg,渝
97.jpg,渝
98.jpg,渝
99.jpg,渝
100.jpg,渝
101.jpg,浙
102.jpg,云
103.jpg,贵
104.jpg,贵
105.jpg,贵
106.jpg,贵
107.jpg,贵
108.jpg,云
109.jpg,云
110.jpg,云
111.jpg,桂
112.jpg,桂
113.jpg,桂
114.jpg,桂
115.jpg,晋
116.jpg,川
117.jpg,川
118.jpg,蒙
119.jpg,蒙
120.jpg,蒙
121.jpg,蒙
122.jpg,川
123.jpg,蒙
124.jpg,青
125.jpg,川
126.jpg,川
127.jpg,鲁
128.jpg,晋
129.jpg,青
130.jpg,宁
131.jpg,宁
132.jpg,宁
133.jpg,宁
134.jpg,宁
135.jpg,青
136.jpg,陕
137.jpg,陕
138.jpg,陕
139.jpg,陕
140.jpg,陕
141.jpg,晋
142.jpg,晋
143.jpg,鄂
144.jpg,赣
145.jpg,新
146.jpg,吉
147.jpg,吉
148.jpg,吉
149.jpg,吉
150.jpg,吉
